{
	"emotes": [
		{"code": ":)", "id": "1"},
		{"code": ":-)", "id": "1"},
		{"code": ":(", "id": "2"},
		{"code": ":-(", "id": "2"},
		{"code": ":D", "id": "3"},
		{"code": ":-D", "id": "3"},
		{"code": ">(", "id": "4"},
		{"code": ":|", "id": "5"},
		{"code": ":z", "id": "5"},
		{"code": ":Z", "id": "5"},
		{"code": ":-|", "id": "5"},
		{"code": ":-z", "id": "5"},
		{"code": ":-Z", "id": "5"},
		{"code": "o.o", "id": "6"},
		{"code": "O.o", "id": "6"},
		{"code": "o.O", "id": "6"},
		{"code": "O.O", "id": "6"},
		{"code": "o_o", "id": "6"},
		{"code": "O_o", "id": "6"},
		{"code": "o_O", "id": "6"},
		{"code": "O_O", "id": "6"},
		{"code": "B)", "id": "7"},
		{"code": "B-)", "id": "7"},
		{"code": ":o", "id": "8"},
		{"code": ":O", "id": "8"},
		{"code": ":-o", "id": "8"},
		{"code": ":-O", "id": "8"},
		{"code": "<3", "id": "9"},
		{"code": ":/", "id": "10"},
		{"code": ":\\", "id": "10"},
		{"code": ":-/", "id": "10"},
		{"code": ":-\\", "id": "10"},
		{"code": ";)", "id": "11"},
		{"code": ";-)", "id": "11"},
		{"code": ":p", "id": "12"},
		{"code": ":P", "id": "12"},
		{"code": ":-p", "id": "12"},
		{"code": ":-P", "id": "12"},
		{"code": ";p", "id": "13"},
		{"code": ";P", "id": "13"},
		{"code": ";-p", "id": "13"},
		{"code": ";-P", "id": "13"},
		{"code": "R)", "id": "14"},
		{"code": "R-)", "id": "14"}
	]
}